---
layout: compress

# A part of the Favicons
# v2.0
# https://github.com/iwazirijr/iwazirijr.github.io
# © 2019 Ibrahim Waziri Jr.
# MIT License
---
<?xml version="1.0" encoding="utf-8"?>
<browserconfig>
  <msapplication>
    <tile>
      <square70x70logo src="{{ site.baseurl }}/assets/img/favicons/ms-icon-70x70.png" />
      <square150x150logo src="{{ site.baseurl }}/assets/img/favicons/ms-icon-150x150.png" />
      <square310x310logo src="{{ site.baseurl }}/assets/img/favicons/ms-icon-310x310.png" />
      <TileColor>#ffffff</TileColor>
    </tile>
  </msapplication>
</browserconfig>