---
permalink: /atom.xml
---

<?xml version="1.0" encoding="utf-8"?>
<feed xmlns="http://www.w3.org/2005/Atom">

  <title type="text" xml:lang="{{ site.locale }}">{{ site.title | xml_escape }}</title>
  <link rel="self" type="application/atom+xml" href="{{ "/atom.xml" | absolute_url }}"/>
  <link rel="alternate" href="{{ "/" | absolute_url }}"/>
  <updated>{{ site.time | date_to_xmlschema }}</updated>
  <id>{{ "/" | absolute_url }}</id>
  <author>
    <name>{{ site.author | xml_escape }}</name>
    <email>{{ site.email | xml_escape }}</email>
  </author>
  <rights type="text">Copyright (c) {{ site.time | date: "%Y" }}, {{ site.title | xml_escape }}; all rights reserved.</rights>
  {% for post in site.posts limit: 10 %}
  <entry>
    <id>{{ post.id | absolute_url }}</id>
    <link rel="alternate" type="text/html" href="{{ post.url | absolute_url }}"/>
    <title>{{ post.title | xml_escape }}</title>
    <author>
      <name>{{ post.author | default: site.author | xml_escape }}</name>
      <email>{{ post.email | default: site.email | xml_escape }}</email>
    </author>
    <published>{{ post.date | date_to_xmlschema }}</published>
    <updated>{{ post.updated | default: post.date | date_to_xmlschema }}</updated>
    <content type="html">{{ post.excerpt | strip_html | truncatewords: 75 | strip_newlines | xml_escape }}</content>
  </entry>
  {% endfor %}
</feed>