---
permalink: /rss.xml
---

<?xml version="1.0" encoding="utf-8"?>
<rss version="2.0" xmlns:atom="http://www.w3.org/2005/Atom">
  <channel>
    <title>{{ site.title | xml_escape }}</title>
    <description>{{ site.description | xml_escape }}</description>
    <link>{{ "/" | absolute_url }}</link>
    <atom:link rel="self" type="application/rss+xml" href="{{ "/rss.xml" | absolute_url }}"/>
    {% for post in site.posts limit: 10 %}
    <item>
      <title>{{ post.title | xml_escape }}</title>
      <description>{{ post.excerpt | strip_html | truncatewords: 75 | strip_newlines | xml_escape }}</description>
      <pubDate>{{ post.date | date_to_rfc822 }}</pubDate>
      <link>{{ post.url | absolute_url }}</link>
      <guid isPermaLink="true">{{ post.id | absolute_url }}</guid>
    </item>
    {% endfor %}
  </channel>
</rss>